driver_id,name,home_vdc,duty_limit_mins,shift_start,shift_end,cost_per_hr,certified_haulers,is_available
DRV_01,Driver 1 (West Coast),LA,660,360,1380,35.0,all,True
DRV_02,Driver 2 (LB746),LA,660,360,1380,32.0,all,True
DRV_03,Driver 3 (BE14),SF,660,360,1380,34.0,all,True
DRV_04,Driver 4 (BE25),SF,660,360,1380,35.0,all,True
DRV_05,Driver 5 (LB764),LA,660,420,1440,33.0,all,True
DRV_06,Driver 6 (PNW),PT,660,360,1380,36.0,all,True
DRV_07,Driver 7 (SoCal),ML,660,360,1380,33.0,all,True
DRV_08,Relief Driver West (Relief 1),LA,660,480,1440,38.0,all,True
DRV_09,Relief Driver North (Relief 2),PT,660,480,1440,38.0,all,True
